1.073371191046840756e-01,1.130469260145082477e-01,9.409485597273134494e-02,1.111371888880809955e-01,1.226011968906678129e-01,1.231553048152193713e-01,2.041016339077243724e-02,1.002191319688456594e-01,1.049610025284915399e-01,1.163938283997521389e-01,1.029202717935226163e-01,1.107131988049872839e-01
4.341431568289835785e-01,3.113997374683259989e-01,3.092121510429922115e-01,4.021349488314570064e-01,5.784339989471909416e-01,5.687900503847953537e-01,7.092490645687912210e-01,4.413465828017487103e-01,2.735071414450964133e-01,3.865571316249520883e-01,3.203928484531911591e-01,3.983256059110467651e-01
8.959263284346692391e-01,6.653783973578046851e-01,5.933634312742378514e-01,8.527832832924145956e-01,1.231511622965451469e+00,1.439652093060282301e+00,1.167075270218544292e+00,8.212258740449880356e-01,4.554197970404949003e-01,6.960911323358301983e-01,5.306564431486214817e-01,7.884875064958947188e-01
1.320140138084641590e+00,1.007991438283636576e+00,8.462205673018053931e-01,1.287650563896409306e+00,2.214889711997690469e+00,1.851729636297156922e+00,2.240638726737973485e+00,1.532320856519209018e+00,5.332124221139087350e-01,8.629334256294053374e-01,6.344636805750124564e-01,1.023382902793991356e+00
1.664428799473846921e+00,1.323946735875021652e+00,9.848628607855836048e-01,1.578817417272710744e+00,3.134018099897787568e+00,3.097804594940229972e+00,2.964147448121348116e+00,2.221092572561397027e+00,4.946850700792914668e-01,9.051551830473389959e-01,6.074371072740624156e-01,1.056269111620830703e+00
1.887368895094724497e+00,1.582918717309177215e+00,1.054191153634039146e+00,1.915016135865402536e+00,4.269313666820242936e+00,3.677574120017600645e+00,3.729504348892588972e+00,2.889842146237379339e+00,4.366601719438999440e-01,8.350286584823273239e-01,5.145754381868864469e-01,9.511743047799049444e-01
2.009647309163419937e+00,1.792562999424712977e+00,1.091597935119223539e+00,2.089681730376739210e+00,5.002352115371293095e+00,4.524402560454484856e+00,4.796735987255761557e+00,3.439238157155535713e+00,3.472861360893896299e-01,7.193114897982619826e-01,4.239828296389954732e-01,8.006464455323321072e-01
2.100662752520773502e+00,1.923254624001725643e+00,1.129246207919152534e+00,2.228162892761713199e+00,5.888881799446509469e+00,5.274910004879422409e+00,5.605184634739981853e+00,4.053406543786704397e+00,2.761737736984600233e-01,5.845490125579332341e-01,3.277252548014294442e-01,6.475368064732969220e-01
2.086468723262642211e+00,1.976865423625876028e+00,1.108318795174783045e+00,2.299762786713720253e+00,6.693757477572645165e+00,6.031739905070138796e+00,6.309828800993817488e+00,4.476454666072044120e+00,2.272509439763223116e-01,4.550590356475466836e-01,2.553111441962968575e-01,5.119866750195071203e-01
2.140299100285484535e+00,2.098070873699390049e+00,1.107703283801868555e+00,2.386436182965387953e+00,7.362957951829582903e+00,6.489211531699615065e+00,7.000051034135196026e+00,5.195572829753444921e+00,1.896065802573780323e-01,3.703943504268088494e-01,2.143907546438763578e-01,3.892320145935835307e-01
2.127702370581502134e+00,2.094387404615349446e+00,1.091207423702448054e+00,2.387418491701644108e+00,7.978101492199841438e+00,6.937560508244476232e+00,7.441928129264672620e+00,5.354938080413970347e+00,1.482949764694136419e-01,2.859840882777605620e-01,1.728481317974837894e-01,3.044549216324062280e-01
2.150472813175431153e+00,2.100659086183686686e+00,1.043124153147948707e+00,2.430821949915527025e+00,8.705563730935960365e+00,7.577441485093932450e+00,8.280202406480706045e+00,5.729622705750677447e+00,1.467757412966045893e-01,2.407272527018884389e-01,1.482462256921834864e-01,2.374313579614489023e-01
2.049225826407239825e+00,2.126584373409815321e+00,1.034687401732815593e+00,2.402596708381785184e+00,9.022326944144550609e+00,8.035972344263157652e+00,8.571097395935602492e+00,6.159891722122935676e+00,1.369206678179910597e-01,1.893624072599705832e-01,1.171168201445348389e-01,2.183379253018351007e-01
2.071835984563494826e+00,2.081394550692290402e+00,1.013686169912714208e+00,2.424598015833359099e+00,9.519597907621387023e+00,8.785272234023288718e+00,8.936806354272528452e+00,6.447953175296786910e+00,1.077002765758151709e-01,1.648342996163221497e-01,1.115143813631543912e-01,1.727064839570033317e-01
2.058908474558545532e+00,2.031471133792236650e+00,9.937706033389035465e-01,2.323972728512739838e+00,9.989788978787990104e+00,9.070467897885563957e+00,9.377156354069041910e+00,6.620015721480238646e+00,1.167375161238152631e-01,1.410990225060417269e-01,1.114409341708940543e-01,1.519056297483407370e-01
2.013557427230888930e+00,2.015540941200339109e+00,9.444266808346438724e-01,2.327778940424263698e+00,1.023715760773443151e+01,9.313761026066451620e+00,9.661653122035101404e+00,6.789279464769695238e+00,1.146184553404107354e-01,1.303282438848646085e-01,1.131136795752617080e-01,1.265407475648703817e-01
1.918042345098380563e+00,2.016770601052227274e+00,8.917011324409731543e-01,2.316756000251615433e+00,1.078318024990136692e+01,9.766257526962537128e+00,1.011377676780549706e+01,7.119019425738391860e+00,1.017231510109660592e-01,1.132148249763780534e-01,1.017896663102351856e-01,1.102972464339509739e-01
1.901706327760269932e+00,1.933087480864749352e+00,8.869591655985589185e-01,2.233135387551615114e+00,1.080538903319471267e+01,1.013542769973457602e+01,1.041393833547429892e+01,7.147100029182681169e+00,9.437975017290076152e-02,1.154962985267792563e-01,9.900312908025281355e-02,9.524463806208563477e-02
1.877497015714143069e+00,1.904564984735491961e+00,8.553095588837940078e-01,2.220007460003486255e+00,1.101512387633485623e+01,1.040126457635638779e+01,1.065735013502975725e+01,7.509105733980817377e+00,9.896513602055999337e-02,1.048726798596550241e-01,1.069120525596988641e-01,1.099838122495080117e-01
1.834531323436056516e+00,1.869010297245300878e+00,8.421046553289255332e-01,2.166950301828422631e+00,1.134763476575026964e+01,1.049677439836783321e+01,1.068647832633388894e+01,7.630469470731092052e+00,9.829451479934819824e-02,1.029118456478817362e-01,1.101197054182447010e-01,1.062088225689933468e-01
1.781080268575097714e+00,1.813483940844512921e+00,8.070312688013728808e-01,2.150156633531798533e+00,1.165721791419196052e+01,1.082970024273208587e+01,1.079786996204785154e+01,7.715950906409761778e+00,1.054707717334138484e-01,1.135829910691422279e-01,1.022281445301644470e-01,1.196377103474402792e-01
1.748577452126129250e+00,1.770067168793499235e+00,7.733388010727796358e-01,2.087112469871224896e+00,1.145317828158718854e+01,1.103421963165325614e+01,1.107116661439972205e+01,7.924617497613916761e+00,9.579496420149566371e-02,1.186299967197176342e-01,9.710856976669883511e-02,1.146848782389169458e-01
1.690046835674826831e+00,1.724061684299363240e+00,7.462268174024091483e-01,2.078769806850407686e+00,1.162078440093529430e+01,1.144889526997443419e+01,1.098015424679720731e+01,7.850577761602401061e+00,9.590741489053686286e-02,9.994118869502330305e-02,9.912869629262797966e-02,1.056332932539254810e-01
1.683620598555368719e+00,1.695912993178301909e+00,7.411047564471295868e-01,2.008611620263953235e+00,1.160199480604478062e+01,1.136086516044676920e+01,1.109050397314023861e+01,7.965980140239733664e+00,1.044676839559325610e-01,9.812082798887605817e-02,9.797978108099178463e-02,8.917817975090849836e-02
1.611769155141260068e+00,1.648158740079612050e+00,7.054465720061176004e-01,1.981722971875407691e+00,1.165970013246511172e+01,1.162284592235577030e+01,1.123850575932918439e+01,7.973842076008080149e+00,1.000782391312265845e-01,9.846762018559793161e-02,1.036480483412242637e-01,1.031368727916920774e-01
1.588653853564538254e+00,1.575938346193040740e+00,6.580112496895327290e-01,1.847337593071965989e+00,1.164144703489304611e+01,1.161668327992619076e+01,1.118855028544073704e+01,8.056271774236947181e+00,1.016769087611279210e-01,1.184654517451687594e-01,9.392776902391924976e-02,1.148103829316220736e-01
1.556075852888807454e+00,1.484044569224813870e+00,6.552301601803472986e-01,1.871664267048279928e+00,1.181298902419529639e+01,1.170802138581528773e+01,1.101136685981966323e+01,8.040646301511435112e+00,1.062785605450516369e-01,9.399096839240320134e-02,1.077418165036007208e-01,9.148750964951331277e-02
1.516826372875352158e+00,1.498099921751080865e+00,6.141269122629736676e-01,1.855212324919496947e+00,1.170446003198853369e+01,1.180588812319543379e+01,1.102716082168678646e+01,8.053201409225094309e+00,9.690343276473123435e-02,1.025525570491520322e-01,1.043135352483940126e-01,1.002710201166236020e-01
1.485743073588851937e+00,1.394108620712482205e+00,5.985442184093350271e-01,1.791256793225022736e+00,1.130655235911541645e+01,1.179180625340618782e+01,1.104249915663298331e+01,7.991301038103429732e+00,1.047760224694714581e-01,8.959414589883195335e-02,8.838597519391806767e-02,1.018211394215539495e-01
1.453586307523686560e+00,1.411907019957939768e+00,5.808319371216058569e-01,1.769880133610465256e+00,1.137958912099938047e+01,1.184772081512138442e+01,1.081888230128782880e+01,8.036626589262024112e+00,1.025815797325694556e-01,1.007970350680867794e-01,9.574061953641795075e-02,8.618738476721932162e-02
1.391297046701652995e+00,1.287600208264622959e+00,5.682955245081635631e-01,1.744037794797441032e+00,1.120278814588425043e+01,1.192783657766556793e+01,1.069314122369875264e+01,8.020037521951460135e+00,1.008594243236733690e-01,9.777171691135572162e-02,9.607693173652646912e-02,1.067870793969614152e-01
1.374045936144619340e+00,1.315263661137354045e+00,5.237080410107615158e-01,1.634696285151103767e+00,1.117433300789461015e+01,1.192109414309415882e+01,1.056755316184481153e+01,7.988718040321272085e+00,1.007727620202688995e-01,1.037404613576899531e-01,8.963527760274675460e-02,1.068996569250600520e-01
1.320541401276329019e+00,1.212046825507368419e+00,5.214642039463415202e-01,1.638997601692027128e+00,1.112810987534799523e+01,1.186351127770558733e+01,1.020451436761861785e+01,7.962623957803813823e+00,9.719785590464931346e-02,1.024394097216033417e-01,1.176208714569639130e-01,8.999166466246220908e-02
1.317256863331271788e+00,1.206668500344692196e+00,5.010868269946942011e-01,1.567402116236917831e+00,1.088948725098075876e+01,1.163590370126767404e+01,1.033189145981429213e+01,7.785948487325822676e+00,1.009884771541231657e-01,1.103004034649913284e-01,9.835913400882077828e-02,1.152338336880992242e-01
1.266490829442379340e+00,1.128393138379971239e+00,4.877221587531742064e-01,1.562409914420852974e+00,1.083598745977229783e+01,1.190254147205600077e+01,1.019982223863176429e+01,7.871176338372461778e+00,1.050581901049376654e-01,1.045917586617924194e-01,1.004628634265442855e-01,9.282304892697861021e-02
1.265280632671648586e+00,1.102935583889350424e+00,4.792408188821353776e-01,1.489662794787660616e+00,1.071626157884968755e+01,1.174268662721869205e+01,9.859710823788288891e+00,7.813947849246026145e+00,9.666780773184741049e-02,9.136869712791717557e-02,1.009189988418843359e-01,9.458186283822687945e-02
1.199678074402227956e+00,1.106173910385443993e+00,4.203932845200928914e-01,1.429991589458489587e+00,1.035188474826480309e+01,1.162523876016363289e+01,9.781069074415380982e+00,7.764516912860288222e+00,9.629811835170414003e-02,7.629721361554417380e-02,8.991311235596337326e-02,1.103145549749131177e-01
1.219515299994397672e+00,1.022292969237413196e+00,4.275199423252291631e-01,1.384790286049726094e+00,1.016719048464335984e+01,1.149196233292946090e+01,9.633353620973933218e+00,7.568943514551559559e+00,1.011999645806662407e-01,8.522216513228167423e-02,9.971597824131289700e-02,1.104819231708230320e-01
1.131788669754154819e+00,9.792169275292873509e-01,4.167229254096157520e-01,1.334570786198072456e+00,1.003735696091684026e+01,1.146190028372212133e+01,9.458028776158988293e+00,7.706165758111269248e+00,1.040982350259214428e-01,9.724240607342923837e-02,9.242810495149003658e-02,8.560410779092460232e-02
1.107976388489780861e+00,9.361953874967292588e-01,4.047426183457913940e-01,1.367375310001861521e+00,1.000071852932902416e+01,1.138686426152509767e+01,9.305536760059833767e+00,7.522269569480870111e+00,1.005182442711700652e-01,9.330908890926896404e-02,1.045890786958222352e-01,1.183484507550327247e-01
1.080616726337684241e+00,9.270795989730640230e-01,3.872164800734098078e-01,1.311581844333379099e+00,9.668556729061217325e+00,1.138145664442517457e+01,9.000335342557793439e+00,7.440130427148396564e+00,1.036847042084785286e-01,1.256341871200786220e-01,9.257077517068622308e-02,9.609392878660703852e-02
1.066388698389704626e+00,8.342523574226317074e-01,3.671502069690399939e-01,1.255407452189245543e+00,9.360606221667639559e+00,1.106503421593595071e+01,8.796881694418189568e+00,7.218097315033032757e+00,1.057688930382339187e-01,9.823338325018335371e-02,9.976253669020207493e-02,1.178235983149545640e-01
1.030772985837655309e+00,8.291002056224424654e-01,3.566921038735921812e-01,1.227854913944341098e+00,9.174555450620800912e+00,1.092093708934351248e+01,8.864842992290025592e+00,7.379886551858494848e+00,1.033477858665273336e-01,1.014576979652727917e-01,9.941025277445571240e-02,1.181993758082411500e-01
9.661515004087012359e-01,8.139538256787950399e-01,3.339989804341315094e-01,1.205843445302521522e+00,8.965749553931253502e+00,1.084602078433558248e+01,8.402373338149201842e+00,7.117993208216945256e+00,1.024875075450175921e-01,1.168728649023900862e-01,9.636805653986439679e-02,7.465154891459659103e-02
9.479963696235601534e-01,7.762166102090151121e-01,3.099995856290964635e-01,1.127531541615390154e+00,8.675477785984684331e+00,1.060502982433682106e+01,8.275076304851262776e+00,6.987866649903350158e+00,9.819586745555385077e-02,9.909401406171811089e-02,1.025198994846040906e-01,1.119183937153356845e-01
9.335377891020882890e-01,7.532141839821643314e-01,3.091367104706204683e-01,1.114226332738561753e+00,8.499133410770355113e+00,1.063470729244962065e+01,7.853007269303573068e+00,7.003950515726318216e+00,1.021492760788655779e-01,9.217675213858314565e-02,1.109914263414931990e-01,1.076816727820351788e-01
9.003001598688470386e-01,7.477444477021921720e-01,3.224245611602841177e-01,1.131027983740137799e+00,8.302525424101141027e+00,1.035607729865406235e+01,7.919377569064999456e+00,6.833350773820363599e+00,9.728913225922458663e-02,1.039730394935678981e-01,9.849445078009244625e-02,9.455669815108924681e-02
8.588754961368744167e-01,6.528554658384925213e-01,3.000837163808867114e-01,1.038017968708375038e+00,8.016050340241134720e+00,1.017435270363508160e+01,7.497695889868063901e+00,6.811259341873384443e+00,1.024078163797122742e-01,9.711672363231474425e-02,1.025869075409969883e-01,9.251748855989931630e-02
8.193525551653523253e-01,6.773925248457897119e-01,2.938217771862419725e-01,1.076138785152616739e+00,7.794488280787152945e+00,1.009671580617093944e+01,7.411528240731279915e+00,6.616854882681464822e+00,1.048479130313441782e-01,9.393329617424571454e-02,1.031654494731368416e-01,1.066796318431161156e-01
7.846034247394683137e-01,6.144464200381485330e-01,2.892033338352982819e-01,9.412000320481684890e-01,7.728007231358352769e+00,1.002000541092851194e+01,7.184871248030616719e+00,6.461973170734826688e+00,9.604660148907956385e-02,9.259219945227641080e-02,1.011823190941417844e-01,1.041859460494922590e-01
7.986588368549737416e-01,5.948009490086337836e-01,2.622486687384101289e-01,9.895369475316174723e-01,7.128850357554518347e+00,9.550008169698854132e+00,6.993829454678148316e+00,6.388329565273895838e+00,1.034217857497851806e-01,1.104723865026231849e-01,1.007341551194676915e-01,9.543059382462598661e-02
7.729231781835941284e-01,5.623115280924658732e-01,2.534536115283410052e-01,9.207299692252424173e-01,7.052060768168446181e+00,9.623291663078418878e+00,6.645871275083347740e+00,6.290070613021657486e+00,9.184256662064183008e-02,1.081307480198348547e-01,1.034713353992620655e-01,8.975286551864353202e-02
7.360176841867948072e-01,5.684166445433569415e-01,2.340447313186293787e-01,9.072468454608912936e-01,6.986114481175711433e+00,9.469951903974825669e+00,6.721560448160927237e+00,6.185682389599146624e+00,9.675498867869233854e-02,1.027500340517066429e-01,1.025928744124399161e-01,9.142148294753468796e-02
7.213850123924535618e-01,5.128530958455445043e-01,2.352556961370978472e-01,8.579032126918123558e-01,6.819116141723851499e+00,9.130912184461942971e+00,6.288174789841091794e+00,6.047898635536736123e+00,9.329148156184614848e-02,9.321297897851434089e-02,1.012919952775066662e-01,1.135078527308165802e-01
7.420875011933585341e-01,5.166371601353214604e-01,2.263731696610259414e-01,8.774503811537043285e-01,6.818209469101400799e+00,8.945408701309068178e+00,6.129435670478224907e+00,5.970814968891728469e+00,1.067175749522065453e-01,1.078091296625547230e-01,1.064690443776534073e-01,8.488935222534858827e-02
6.909047001518551223e-01,5.086052101896244571e-01,2.209503784790254888e-01,8.211062094888285090e-01,6.440647682131637630e+00,8.839746560758985794e+00,5.950976899448817470e+00,5.784712638224258185e+00,1.079428460703800302e-01,1.155237951990288753e-01,9.402256568847197626e-02,8.901452087010472414e-02
6.890465746448954931e-01,4.485755591071122761e-01,2.257668822254991770e-01,7.699257088105995184e-01,6.296112953685760516e+00,8.821896098561120780e+00,5.731497888910162430e+00,5.834359144527633489e+00,8.512023313402011793e-02,1.035302073050320820e-01,9.148211035411230041e-02,1.202963809108062443e-01
6.381183992661837445e-01,4.397586440257853502e-01,2.053828308034983119e-01,7.993822322065400332e-01,5.946290981192265512e+00,8.632526815534285802e+00,5.518929454828096937e+00,5.756651658801508198e+00,9.237154766971493458e-02,9.312721880402970165e-02,9.572521895127159008e-02,8.374207487951966511e-02
6.006158500094420649e-01,4.500344604878251387e-01,1.975578664745708257e-01,7.055700271642005861e-01,5.714406188480583459e+00,8.400791826948902141e+00,5.385140423636346263e+00,5.603172055478342628e+00,9.786187176179740599e-02,9.223372138955655830e-02,1.024585831783999257e-01,9.624603993568428550e-02
6.083808707655500303e-01,4.085484688909401529e-01,1.865148890143095706e-01,7.593268475175799503e-01,5.429501440951733926e+00,8.089225661151280278e+00,5.214647237486242481e+00,5.306889810671196805e+00,9.437215463019801853e-02,9.586920081159547302e-02,9.521907614339075732e-02,7.986320736581806190e-02
5.826323344752118993e-01,3.727141068886474229e-01,1.889709048105732980e-01,6.982227171457701109e-01,5.497505339825240256e+00,8.043488347445327591e+00,5.027122309144609780e+00,5.202715051384871003e+00,9.797701781051100511e-02,9.977239761906900317e-02,9.808874358798383430e-02,9.936798290303600067e-02
5.314286792328157816e-01,3.692931883913214142e-01,1.964331537349351120e-01,6.826125276195736946e-01,5.206347887002404917e+00,7.857061873155300802e+00,4.872676260576763951e+00,5.238378425177543818e+00,1.047582424551341540e-01,9.843851304297006333e-02,1.084573922774764582e-01,9.700093350577301821e-02
5.654801397000125407e-01,3.400751329383368549e-01,1.743844679595643599e-01,6.743480497989380318e-01,4.794991202324023760e+00,7.813973835342133967e+00,4.699616487387500818e+00,5.004543137035216027e+00,1.004693960394931751e-01,1.092243821668845843e-01,9.768939050290920134e-02,9.687533221803160122e-02
5.143052228224201938e-01,3.124105337362618195e-01,1.547544752857109296e-01,6.629791389061946427e-01,4.894775352698806259e+00,7.534772690691330155e+00,4.578345665216063232e+00,5.044065719993733765e+00,9.628009826247403702e-02,1.023807000351166091e-01,9.019532981591701915e-02,1.069318954053429943e-01
5.145041635927333212e-01,3.275001440836437516e-01,1.863850380041618959e-01,6.138437397334327583e-01,4.668944728788849474e+00,7.215384562979334504e+00,4.534726389283920689e+00,4.791896731420315803e+00,9.583917244021072923e-02,1.030154152299322390e-01,1.067016732521856442e-01,9.771880758736761763e-02
5.092854199650108660e-01,3.430527762523143398e-01,1.838625548175971403e-01,6.029330260243431772e-01,4.420058971644356127e+00,7.111754736039029190e+00,4.352891979816537749e+00,4.794522771035198971e+00,1.001529833786980461e-01,8.932915130125276826e-02,1.015083353946197031e-01,1.032686537237522267e-01
4.800053505701548651e-01,3.140115952277058309e-01,1.682630491358961533e-01,5.990701678354792836e-01,4.272640680265685553e+00,7.152520835714860858e+00,4.034516436663450278e+00,4.687800373005710952e+00,1.016919616742439497e-01,1.077247769181807341e-01,9.824195292572446281e-02,9.927010708651147486e-02
4.911805042330573134e-01,3.011381202070727015e-01,1.539107057893470409e-01,5.523709662609292970e-01,4.316474084125743182e+00,6.766145477471122938e+00,3.704704698362732973e+00,4.629532492194203819e+00,9.889119975068828838e-02,1.009762659323581724e-01,1.080445537405917977e-01,1.094541565992247223e-01
4.463142211864369324e-01,2.696267085312425427e-01,1.486585466326489913e-01,5.401439903713141089e-01,4.156952718791862900e+00,6.533350559495421095e+00,3.842353456240237275e+00,4.483118880017854302e+00,1.040522301953675927e-01,9.432387092556246411e-02,8.834372246279031948e-02,1.006310022764553280e-01
4.205581406448546389e-01,2.777846751153802973e-01,1.383603759425797164e-01,5.025868271471946036e-01,3.897259738792867800e+00,6.413442262745387978e+00,3.700948343473599689e+00,4.384618835476944199e+00,1.007739055518851179e-01,1.069858870194569100e-01,9.281277909617420552e-02,1.046502753895546672e-01
4.440278934541397882e-01,2.709731777112381335e-01,1.617911794411033277e-01,5.241459666375264392e-01,3.659813566379446659e+00,6.465351773675085845e+00,3.310356623799521447e+00,4.297584930178087959e+00,9.629000505246568253e-02,9.940330548839286517e-02,9.970372653015861786e-02,1.002752952846599765e-01
4.147344483530230330e-01,2.648280964772883328e-01,1.385355956235390373e-01,4.901047074601402320e-01,3.624733868602086684e+00,6.321164386801138235e+00,3.361601484534905815e+00,4.109743455434759163e+00,1.049483118755458050e-01,1.040700631654007113e-01,9.286311172184405494e-02,9.692352664114076144e-02
4.453739831642072322e-01,2.442008697645459414e-01,1.432556206028026136e-01,4.641549431544719218e-01,3.532931467456980279e+00,5.753366310161567299e+00,3.142010572601223739e+00,4.150710955933435642e+00,1.041768654402329825e-01,9.627784881037641795e-02,8.926628779925165069e-02,9.712869242674530834e-02
3.808331548471518557e-01,2.715761123060544402e-01,1.429541878925884857e-01,4.640538168701420219e-01,3.320053501093769288e+00,5.817002050206482089e+00,2.992910867562929234e+00,4.224877494039404269e+00,1.038980218214795859e-01,1.066646804986925989e-01,1.001264648954289516e-01,1.109116784654768095e-01
3.743495374086037164e-01,2.415736696975879227e-01,1.435213155133093776e-01,4.154997393462996902e-01,3.025808021951912341e+00,5.801157554291789253e+00,3.081886297278613629e+00,4.030418340259791954e+00,1.061526774748593888e-01,9.304462482719734473e-02,1.018956475798341865e-01,8.419901975030663621e-02
3.596978095378697837e-01,2.723643027065031919e-01,1.513082324832654701e-01,4.478139834152112253e-01,2.905715339461617308e+00,5.544029753566066532e+00,2.871262399211810479e+00,3.893564838436229358e+00,1.045530490523807476e-01,1.035640270575284294e-01,9.115571816722606302e-02,1.002303351561585065e-01
3.029740270120566126e-01,2.524596720997208665e-01,1.357084056939649452e-01,4.400535235713028959e-01,2.898233340106272760e+00,5.352605843955451803e+00,2.818881078040747834e+00,3.754899673372739333e+00,9.030485888765563129e-02,1.085221948917732687e-01,9.642896884640334010e-02,1.048241432686748825e-01
3.409430901762631749e-01,2.010063313366585724e-01,1.178583631370824641e-01,3.827794787076396199e-01,2.968600714813024233e+00,5.192556753156461369e+00,2.973065534115166830e+00,3.720517698325159994e+00,1.006942107667549435e-01,1.203415445423995367e-01,9.275548317806350807e-02,8.653322010592906510e-02
3.727287360371336900e-01,2.001703333678910290e-01,1.213058288316000710e-01,4.029230817883342475e-01,2.737933917954348040e+00,4.761339041902254543e+00,2.633226466399655408e+00,3.524863854515456030e+00,1.043890534344459886e-01,1.121623423453780855e-01,9.292054107901148718e-02,1.026690575663788130e-01
3.066626947631475586e-01,2.068276560308962286e-01,1.148425446025327923e-01,3.475940376665533904e-01,2.392345447440537232e+00,5.116389022791856256e+00,2.451963367005463912e+00,3.644090583538684758e+00,1.032728723502353563e-01,1.006831170330565600e-01,1.010309306292616893e-01,1.015678545225737056e-01
3.380540718076573414e-01,2.111682729950666582e-01,1.303410295251865580e-01,3.492247755772020512e-01,2.377723911374791221e+00,4.644342586877139745e+00,2.482905774563985979e+00,3.408178260136075721e+00,1.044633188040522409e-01,9.175099705450423526e-02,7.938228638476631238e-02,9.536165592368041344e-02
2.983179583700925619e-01,2.088299229990932537e-01,1.208686918212854566e-01,3.678526004678376871e-01,2.443255012838223106e+00,4.820886468067683062e+00,2.316483108496761201e+00,3.423210504749808702e+00,9.905323351972634971e-02,1.018676494149308998e-01,1.102094242311354860e-01,1.183633904718596475e-01
2.988655256227348289e-01,1.650014448018915780e-01,1.181340557925324164e-01,3.409769188557355002e-01,2.278506029975442271e+00,4.452669818260913459e+00,2.072791323454948653e+00,3.179167019475543476e+00,9.655169234416617619e-02,1.086071231362582962e-01,1.027200416858155968e-01,1.043591602970612292e-01
3.005009271276662397e-01,1.968596013587683713e-01,1.164516300515877623e-01,3.578690377828765423e-01,2.370825331748626752e+00,4.421315124118312845e+00,1.997003354982334722e+00,3.193474301665472304e+00,1.048785988868631974e-01,9.480448361613702524e-02,9.727347090981385003e-02,1.056145287497614327e-01
3.265160432895177212e-01,1.779066712455734944e-01,1.275468780380050737e-01,3.250377775372068068e-01,2.349614219956850381e+00,4.250036674866957576e+00,2.055876190284645855e+00,3.024678972813006350e+00,1.057377595048019647e-01,1.035691049769848215e-01,9.141643392213229247e-02,9.313170559220436406e-02
3.059015642196539209e-01,1.786368672837825022e-01,1.297078452777783997e-01,2.910089308842304101e-01,2.179748502503212393e+00,4.119239301341188764e+00,1.897593580564470361e+00,3.086794032267272225e+00,9.308485794323853590e-02,1.022345656242400203e-01,1.000719230539126869e-01,1.031441400991131435e-01
2.597923156402231482e-01,2.005346644646883170e-01,1.307405364759080812e-01,3.090897848938439774e-01,2.119754542131593311e+00,4.266348795601785149e+00,1.976562809161856116e+00,2.989495971854557066e+00,1.015125947538141893e-01,1.047195475130447556e-01,1.040371058158411771e-01,7.696089820090579181e-02
2.844459642557845003e-01,1.728840657689662552e-01,1.109847704201080143e-01,3.169735757639442486e-01,1.760778597285428182e+00,3.843114024544208807e+00,2.000846368676000520e+00,2.924583310180083107e+00,1.023307087180314878e-01,9.448677168878480415e-02,1.061252055594830990e-01,1.061920438303897846e-01
2.605908080373165459e-01,1.596631152300848899e-01,1.114309280573346078e-01,3.018783913375066574e-01,1.719118130257648813e+00,3.667978049410479890e+00,1.728452201226243989e+00,2.781442033388205726e+00,1.021959156479319564e-01,9.313603076137547121e-02,1.050864418564265435e-01,8.065143453343248670e-02
2.562151370832956299e-01,1.420731844315699932e-01,1.173298472603170328e-01,2.752051800480094790e-01,1.690610141226638996e+00,3.547477007048851494e+00,1.580176803379822914e+00,2.831967828827756772e+00,1.011788412148009603e-01,8.829368685838433206e-02,1.047866469059898775e-01,9.860658969065078105e-02
2.565620728899048464e-01,1.859028788514031361e-01,1.064841963558072202e-01,3.171292853453020477e-01,1.618550577533303780e+00,3.568703435374440680e+00,1.292462629483920766e+00,2.608952816271338904e+00,1.108554871561825556e-01,9.760480823365474956e-02,8.802451902051926236e-02,1.168475004734118861e-01
2.391890913679237674e-01,1.940936017328260543e-01,1.009494541197295675e-01,2.332395285439391452e-01,1.640612259631112124e+00,3.545599595071534882e+00,1.479832056418924680e+00,2.639260738929984029e+00,9.644926186890610820e-02,1.116550517356269256e-01,1.019192359437323947e-01,8.786607144560051874e-02
2.416043846901632652e-01,1.680103804356429531e-01,9.883004351156014777e-02,2.409739495240611762e-01,1.491917742400646008e+00,3.336647160308717552e+00,1.488503864685150280e+00,2.508015989457625494e+00,9.461782256651889156e-02,1.087966183362822220e-01,1.079218556521287925e-01,9.938893812655265336e-02
2.724309586684650064e-01,1.705629709689088502e-01,1.242560113393186838e-01,2.363209376400079442e-01,1.665899983442360677e+00,3.076114106863929720e+00,1.583868787748337947e+00,2.549703906431733280e+00,9.721350245701207426e-02,8.914042628267285218e-02,9.378015123750071957e-02,1.007500176807543252e-01
2.712338919953534155e-01,1.472819615004689886e-01,9.844560701307490669e-02,2.847282829941414906e-01,1.253177582059728179e+00,3.286348165450025949e+00,1.308048550882757288e+00,2.426182740898204848e+00,9.404208704893320114e-02,8.880957935037968320e-02,9.693096455615428375e-02,9.559244375013262185e-02
1.949156729038110103e-01,1.433420460715821576e-01,1.133256541454124855e-01,2.807319526759639028e-01,1.526516384574687191e+00,3.040215864801908641e+00,1.187254386535567363e+00,2.431135079082980432e+00,9.370952813048381846e-02,1.019907818674170713e-01,1.089892526903624703e-01,1.041724576011656550e-01
1.918263224368109698e-01,1.655549224089427618e-01,1.098739262884230877e-01,2.324840518293100899e-01,1.457082256797490150e+00,2.783440699463795465e+00,1.300649237016409776e+00,2.249828889536555909e+00,9.541799373245260507e-02,9.473201438518966122e-02,1.020177185883936744e-01,1.020580397683489154e-01
2.133674141182666517e-01,1.354308572328498661e-01,8.837170726427734380e-02,2.255979587907425143e-01,1.209700005521488597e+00,3.010594977504846614e+00,1.013905198800745922e+00,2.169877271984216538e+00,1.041457460236044630e-01,1.097016372655726657e-01,9.900676390486366774e-02,1.211566825023093208e-01
1.763263090533965238e-01,1.395189807062587883e-01,1.036569990105917771e-01,2.240309514694731885e-01,1.254927720683868486e+00,2.713722859713997959e+00,1.121422770919697998e+00,2.208261974940059158e+00,1.000188957086514258e-01,1.063266953284335986e-01,9.528088583779820153e-02,1.087840434627653230e-01
2.158680009813782885e-01,1.661313756867659475e-01,9.120568759039564266e-02,2.554729816569332179e-01,1.089105558646946470e+00,2.673005442084019911e+00,9.127274752539947800e-01,2.246508320137327708e+00,9.358491683284055063e-02,1.129332387392618098e-01,1.027682187933620928e-01,1.084365742689101658e-01
2.163192619094817526e-01,1.294529490458959375e-01,9.971734795558760689e-02,1.920684768977275192e-01,1.274070238821140011e+00,2.795700670542302202e+00,1.002014077816266946e+00,2.169393731799521330e+00,9.848587529036054167e-02,9.473619773617431017e-02,1.104000266931467467e-01,1.112765494038852748e-01
1.975847967375941872e-01,1.260660496900071481e-01,1.204446364737203345e-01,2.118092171284997327e-01,1.119310181541917526e+00,2.505689808979855826e+00,1.138607224052620381e+00,2.055153597687370493e+00,1.004459169334625535e-01,8.380119668855295911e-02,1.157076787390070860e-01,1.074871769275427408e-01
1.826013012814699799e-01,1.069279048432014989e-01,1.063999369887308893e-01,2.488464393435736721e-01,1.131842528932602843e+00,2.527393965891555183e+00,9.129239286831014599e-01,1.900924040358181744e+00,1.023312468845456041e-01,7.612422396912638112e-02,9.895701242724054547e-02,8.996063882188870542e-02
1.806483975269854991e-01,1.256611429952775583e-01,1.183658969937918803e-01,2.031626657571906081e-01,9.287208425616161334e-01,2.410992285616096797e+00,8.574965874347605377e-01,1.839127483419740638e+00,9.911170004591195182e-02,9.932830342490094055e-02,8.901455909809080635e-02,9.526758958953132628e-02
2.075359112246334681e-01,1.413185835668020196e-01,8.512849763574865947e-02,1.742312155438774934e-01,9.619333124384761291e-01,2.454730269038994273e+00,7.189006978990817309e-01,1.843260624406273696e+00,1.044974744372199754e-01,9.752786580266618877e-02,1.042813300891771433e-01,1.177073006495066437e-01
1.528876960663834161e-01,1.503087998501901057e-01,1.136405539953745242e-01,2.252893801999982792e-01,9.852355574763889123e-01,2.227880042880819644e+00,9.543239547136453949e-01,1.860632645538543795e+00,9.988311749902580028e-02,1.161801646252380166e-01,1.105417605420500882e-01,1.016398856904989906e-01
2.142881288608005363e-01,1.324513862698603883e-01,9.891055935036349722e-02,1.965235228971714543e-01,1.116960870176727960e+00,2.121299464766626119e+00,7.506059017018239521e-01,1.922358731599062898e+00,9.850417957748415498e-02,9.914726319276143118e-02,9.772504316898425469e-02,1.005764215649700838e-01
1.470955907864356926e-01,1.244697588129167753e-01,1.195743159372403136e-01,1.552385744879013485e-01,7.731003420424452655e-01,2.073768625290179912e+00,7.689082653963573710e-01,1.809868582902588008e+00,9.987715838110353128e-02,1.007434003769488995e-01,9.424090175423356641e-02,1.001223045818595281e-01
1.678867796082681996e-01,9.482133542526476055e-02,9.504078523105213838e-02,1.801683487103050429e-01,9.927313262944481576e-01,1.962661590466968642e+00,6.679087634685831887e-01,1.662688421296545371e+00,9.512319184944095785e-02,1.003018586476394358e-01,1.016439974396377427e-01,1.064681020622681024e-01
1.454214373924077319e-01,1.169008936423528294e-01,1.117686385191929144e-01,1.722298569520695488e-01,7.330790394355821693e-01,1.861314587135891152e+00,5.728856521198080198e-01,1.656195265452880427e+00,1.000651949908962085e-01,1.111821610069642363e-01,9.914616941358325719e-02,9.973501310811791476e-02
1.271023583119446909e-01,1.434051727771846474e-01,9.586760155355539270e-02,2.209234350843888584e-01,7.710908802935643180e-01,1.968686277561416453e+00,6.888122355673198527e-01,1.570789758907232381e+00,1.002473286120641183e-01,9.232246885383613155e-02,8.948243256761886921e-02,1.172069242382910853e-01
1.395352904613614831e-01,1.457175401438399742e-01,1.168836080731680271e-01,1.973061612682291688e-01,6.867412413490258105e-01,1.980388474224086259e+00,6.731007397979347218e-01,1.590919446302053508e+00,1.106930391270522090e-01,9.046924252423961532e-02,9.257452130501447884e-02,8.926336258529406209e-02
1.858396995991510869e-01,1.460273267233710981e-01,1.063001368842546035e-01,1.497937165587559794e-01,8.358510477363949587e-01,1.776883400075446762e+00,5.713709113734458667e-01,1.638076778126603905e+00,9.639649513871337283e-02,9.729692266360835673e-02,9.978769555468411379e-02,1.004101431623775631e-01
1.777607119582220452e-01,1.400736534953373746e-01,8.980154709258840462e-02,2.095785178320731801e-01,7.641021305040444078e-01,1.742898471349222156e+00,5.836845621005457563e-01,1.425451180119293726e+00,1.035074312175906786e-01,1.178957783699451367e-01,9.597977229642239150e-02,1.122941692984616435e-01
1.760243289015206158e-01,1.484789554032857062e-01,1.301959836119629121e-01,1.978628070732213473e-01,6.802046520613529434e-01,1.686764930002540464e+00,3.944838419328368095e-01,1.306422243208397616e+00,9.437081066345899549e-02,9.295601086346669262e-02,9.757854689998034237e-02,9.684577250784856539e-02
1.658540767755577461e-01,1.362125713147155359e-01,9.783497953266917513e-02,1.490950379791167735e-01,7.638155940377291397e-01,1.583583910494312796e+00,5.271598361613349937e-01,1.468576551699172894e+00,1.018039388999604361e-01,1.045979136744789456e-01,9.585000267367441151e-02,1.007934964173622105e-01
1.420692843471180744e-01,1.264141100083264746e-01,8.897904140615885138e-02,1.679070751663622740e-01,5.033874002220918298e-01,1.538937094917855575e+00,4.640219749529045368e-01,1.263914957494859603e+00,9.870463004432490639e-02,1.040685978824779923e-01,9.448632204683798941e-02,7.490585839290211934e-02
1.260346625553814270e-01,1.117510852187301867e-01,1.149889097265268945e-01,1.508434812133868097e-01,5.996260831937417768e-01,1.428032558145158726e+00,4.986283639283708435e-01,1.334102301507904986e+00,1.031265262418058354e-01,9.490205369915631628e-02,1.030658655562749076e-01,8.917957104887661024e-02
1.920948817594925473e-01,1.281427919608340293e-01,1.109835145384939353e-01,2.053505240614298399e-01,6.529030704365050841e-01,1.239511508403245310e+00,5.960094837695849579e-01,1.220550459928314124e+00,1.018976639636938047e-01,8.598875313175637081e-02,1.046111584031261393e-01,1.140652353586013024e-01
1.460380580930664141e-01,1.110911621828604562e-01,9.193383221762257973e-02,1.255491299198992217e-01,4.598913114274839065e-01,1.431001666475975043e+00,5.134484450196755700e-01,1.398308372905917585e+00,9.911136357113888018e-02,9.391913734633762501e-02,9.131115484275313665e-02,8.614788652126101343e-02
1.302101366094597923e-01,1.274459573464647999e-01,1.042894248837036297e-01,1.580126251397502291e-01,5.621548179908250065e-01,1.426384133261927811e+00,5.648503332074163996e-01,1.165619390389673882e+00,1.030380178908396754e-01,8.832380607543648121e-02,9.595997411066926885e-02,9.246821177372420431e-02
1.094648020320535126e-01,7.272102244940108207e-02,1.181272179591536797e-01,1.653925578378319106e-01,5.068126764052179878e-01,1.291195143246026689e+00,5.468644285152046702e-01,1.191282196538803850e+00,1.058880455029293649e-01,9.918645931477762523e-02,1.000994907887396701e-01,9.370780369077914840e-02
1.294277740753813355e-01,1.179013112035324079e-01,1.039986033094952300e-01,1.690601753101698967e-01,6.145317620980808027e-01,1.451414433730073617e+00,6.461512304090637482e-01,1.108332143589177976e+00,1.019969037076964430e-01,8.789775675717347025e-02,9.852087849872427638e-02,9.892084128929977405e-02
9.744730764159326153e-02,1.079115700945927486e-01,1.175173806291216344e-01,1.347449554388804316e-01,3.307337211396104149e-01,1.242261367812655948e+00,5.009500343718970017e-01,1.086577880154716791e+00,9.661371611806961190e-02,9.306901235436057518e-02,9.578561145453133585e-02,1.154294098531899043e-01
8.209628316273212545e-02,1.114092416414824288e-01,1.080014776285699446e-01,1.345650572390570954e-01,4.934247353030623562e-01,1.038474883324421727e+00,3.781064532860299865e-01,1.084960839010414624e+00,9.607856280785045944e-02,1.107050758036835225e-01,9.978625389501079301e-02,9.668611851811860503e-02
1.174695892196994246e-01,1.255020789656275948e-01,9.458497747449716442e-02,1.349493047972983861e-01,4.947671619185429748e-01,1.255602254805988638e+00,5.688820160754232136e-01,1.047770903264044984e+00,9.460962736218239688e-02,9.858323819826349255e-02,9.321361145617655664e-02,1.079815941995109496e-01
1.167269306941029483e-01,1.023048818114663944e-01,1.143302485390753215e-01,1.528771228821674544e-01,3.326159675740270050e-01,1.001399123090358501e+00,3.098526793973192528e-01,9.353072996708370335e-01,1.015450639829597324e-01,1.039913933391255901e-01,8.605848258583982668e-02,9.398532931363309806e-02
1.379686900011586892e-01,1.149931336426645578e-01,1.128527922780912379e-01,8.387186870022284024e-02,5.640543525880310494e-01,9.794065506648906849e-01,4.453784512488041525e-01,9.890242273528681016e-01,9.712773202931518357e-02,1.055148009045632218e-01,9.853320287755788776e-02,1.089604077738476479e-01
1.184222132377477921e-01,7.527563296063684295e-02,1.062235054431665410e-01,1.512084717605147455e-01,5.208502079089594172e-01,1.034648683807798175e+00,4.100313889407565804e-01,9.430959623506928180e-01,1.002409377440153793e-01,1.190051593655531703e-01,1.076895635676971830e-01,8.992892345030661927e-02
8.833128067402742922e-02,1.371450117055442453e-01,9.610704448527720989e-02,8.901758463511358355e-02,3.173103201051155065e-01,9.834734801550860661e-01,3.354734430854613980e-01,9.146567132864648064e-01,9.429163398370696281e-02,9.791537667560522296e-02,1.125445535207675457e-01,1.204950884556102858e-01
1.444119916120613079e-01,9.001894817545207095e-02,1.087886258150406737e-01,1.249601930099543401e-01,5.147399831647443413e-01,9.240440749267395670e-01,3.513046274365994037e-01,8.141365037657577464e-01,8.504762532031488742e-02,1.072313147859676047e-01,9.728710507247237405e-02,1.158218070964288360e-01
9.054606414814694859e-02,4.805925470224385598e-02,1.018237754283343316e-01,1.148815689400766449e-01,3.690687851952952903e-01,9.648602507805202899e-01,2.117189264701871687e-01,9.834934218022990393e-01,9.753734287225247768e-02,1.065564533132885849e-01,1.032326068274677100e-01,9.762670722808441948e-02
1.007494191831081604e-01,7.436536212833599890e-02,1.120818547065000753e-01,1.682240659985662357e-01,5.324015216859452337e-01,8.554742656649260146e-01,3.406589224555502948e-01,8.986200046329332336e-01,9.594253354934433042e-02,9.524861859015040788e-02,9.255158598765957090e-02,9.645181975171567001e-02
1.171202086450065516e-01,6.775691286559352988e-02,9.470750979887290755e-02,1.335691591931410793e-01,2.555302731484846435e-01,8.299634955043574402e-01,2.402632369151360414e-01,9.736304194898360853e-01,9.923943314453578801e-02,1.091570146961386156e-01,9.866423812814795191e-02,8.943252902792413195e-02
1.102402647528300528e-01,8.576419820518640935e-02,9.207113077592304906e-02,9.749543881639072263e-02,3.217305561336989972e-01,7.055749174425379744e-01,1.884590246058073237e-01,7.918969062753504762e-01,1.021358575993429052e-01,1.067870118791344886e-01,9.623010861218671275e-02,1.006245002158013546e-01
1.433799889461592203e-01,1.373299960412081577e-01,1.146879113491388741e-01,1.417673918119812804e-01,1.965956471339015965e-01,1.071139146659054298e+00,3.478854103928490371e-01,9.711093700076033342e-01,9.971310620804343938e-02,1.197759151415145468e-01,8.798538002907617395e-02,9.212887110796880163e-02
1.503291454151403084e-01,7.774901103608115871e-02,9.260008918646597809e-02,1.353942971241971216e-01,4.000838266302964019e-01,8.270534102097616413e-01,3.211752656771309500e-01,7.823761705513831988e-01,9.242961663859866617e-02,1.036694475554950090e-01,9.240003813245431519e-02,1.240745866736761571e-01
9.165198043298559971e-02,1.134310073474895236e-01,1.034451461271775063e-01,1.329310801025193056e-01,5.351935045593264606e-01,6.669448133887821983e-01,1.844498923744160856e-01,7.692868178713652139e-01,9.714612176453564507e-02,1.074361625449046231e-01,1.043291733733690413e-01,1.185425165906117684e-01
1.392735754192198083e-01,9.322272798020421469e-02,1.242401548651954346e-01,1.203281896953518892e-01,1.636592344370075003e-01,8.847422041315269325e-01,1.553968465830374290e-01,7.380145380428569934e-01,1.122281631385561446e-01,9.745381148589674081e-02,9.725469849419438040e-02,9.354152191488424029e-02
1.140193757917786765e-01,1.323812568162141823e-01,1.059044004230725172e-01,1.780453950567889021e-01,1.442853720665546735e-01,5.047890059171007415e-01,2.078664510315782477e-01,6.188463712263843064e-01,1.006288257135726505e-01,8.827753175493362192e-02,1.000667537535532142e-01,9.013004407078750724e-02
1.063712701621270518e-01,8.330967118307591734e-02,9.446240344568054836e-02,6.624090298405568844e-02,2.725629089496357516e-01,6.679654437801342270e-01,1.357408988635910030e-01,6.609280994079008709e-01,1.057466839950592236e-01,8.117308782540300083e-02,9.723681627735752953e-02,9.439261337025844911e-02
1.333417443346513465e-01,1.182311173394679782e-01,1.061021990564122580e-01,1.071687333465831116e-01,3.345423242561866850e-01,8.024365546843694741e-01,1.537824685129551838e-01,6.784050273966200084e-01,1.022740064934771764e-01,9.634818232427276585e-02,1.002436242395545879e-01,8.328386068419188493e-02
1.058749153074508564e-01,9.035830959222507230e-02,1.102417741622001013e-01,8.089441175556771890e-02,7.171956346593275078e-02,5.090357782724598268e-01,4.987958470424494473e-02,6.933508782853144981e-01,9.530429576674934178e-02,1.114677353195963061e-01,9.419814044077466642e-02,1.051953909630935075e-01
1.023936040846561424e-01,8.482174720102295118e-02,6.047316462790419678e-02,1.428368520285207832e-01,1.289892719035246604e-01,7.896638042862005324e-01,2.969315221287642803e-01,7.005165273420275174e-01,9.713233277520245956e-02,1.009797573847291130e-01,9.469624357315536978e-02,1.155057251557897596e-01
8.246857503310739412e-02,5.659290724540751855e-02,9.755657197846710760e-02,1.147430113772721638e-01,7.640030220155055729e-02,5.404980549834682568e-01,3.988413490635569492e-01,5.234530100991783286e-01,9.664801466906350336e-02,1.169801994304871806e-01,9.143332502610425350e-02,1.195444059848875112e-01
9.766982812192906427e-02,9.808615727641449566e-02,1.175945011708367099e-01,1.108134332963690433e-01,2.772946192447889313e-01,7.978554292573759588e-01,7.700286916920534575e-02,6.200762943867690336e-01,9.789798478590656938e-02,1.129413731042999136e-01,1.029038939547510245e-01,1.068108489629372437e-01
1.072072284870831810e-01,7.000782232301713814e-02,1.143265930994165347e-01,1.033377045920153836e-01,3.492433557432038649e-01,6.610002228786377998e-01,1.292622007332537570e-01,7.167287137411032516e-01,9.913393141978112111e-02,1.055735264422425629e-01,1.109119287667444664e-01,1.064252363501748261e-01
1.015433419499183476e-01,7.956456402444340992e-02,1.029928981121131792e-01,1.267184342495235316e-01,4.835323095324510767e-01,6.272420742805903116e-01,8.011172003457855961e-03,6.357998803540135802e-01,9.625701878349507412e-02,1.051061601096386633e-01,9.083297929148395622e-02,1.009243997123262654e-01
7.566404232116884232e-02,1.152123690734364325e-01,1.154130032245513776e-01,6.901516715882521913e-02,9.531792900655498835e-02,6.424670325520753789e-01,2.055477124082569496e-01,6.103672074947068538e-01,9.584671038853875835e-02,1.048223748963578311e-01,1.001993561846290931e-01,1.168682476171716000e-01
1.037429808251759678e-01,1.057018811229933908e-01,1.162418093097200150e-01,9.265727682352428718e-02,2.373362757850571991e-01,6.082648172743768678e-01,2.010840068285137117e-01,4.972400671406084216e-01,9.152372325380297990e-02,1.102728275292475246e-01,1.137682124471356415e-01,1.132104710596281844e-01
